id,address,total_spaces,geo_shape,lat,lon
1,C/GUILLEM DE CASTRO esquina con C/NA JORDANA,25,"{""coordinates"": [-0.38292927973315827, 39.48004223020643], ""type"": ""Point""}",39.48004223020643,-0.38292927973315827
16,"Colón, 60",20,"{""coordinates"": [-0.3704333693720587, 39.470092316192336], ""type"": ""Point""}",39.470092316192336,-0.3704333693720587
137,Economista Gay - Luis Crumiere,20,"{""coordinates"": [-0.3798963873712934, 39.48903338344832], ""type"": ""Point""}",39.48903338344832,-0.3798963873712934
148,C/Xàtiva 30-32,35,"{""coordinates"": [-0.3753782937388751, 39.46714522461298], ""type"": ""Point""}",39.46714522461298,-0.3753782937388751
150,Manuel Candela - Rodriguez de Cepeda,25,"{""coordinates"": [-0.35060930364544307, 39.46772129856667], ""type"": ""Point""}",39.46772129856667,-0.35060930364544307
8,Plaza de la Reina - Mar,9,"{""coordinates"": [-0.3752982847143531, 39.473881223660634], ""type"": ""Point""}",39.473881223660634,-0.3752982847143531
29,Plaza América - Cirilo Amorós - Sorní,20,"{""coordinates"": [-0.3652993525279599, 39.47011231364647], ""type"": ""Point""}",39.47011231364647,-0.3652993525279599
73,Jerónimo Monsoriu - Industria,20,"{""coordinates"": [-0.3428792786496773, 39.4662592905475], ""type"": ""Point""}",39.4662592905475,-0.3428792786496773
86,Gaspar Aguilar - Vicente Parra,20,"{""coordinates"": [-0.39119345191575566, 39.4552402764855], ""type"": ""Point""}",39.4552402764855,-0.39119345191575566
31,Salamanca - Conde Altea,19,"{""coordinates"": [-0.3650283531086902, 39.467365304622646], ""type"": ""Point""}",39.467365304622646,-0.3650283531086902
64,Av. Puerto 61-63,20,"{""coordinates"": [-0.35419531724959286, 39.46651829706714], ""type"": ""Point""}",39.46651829706714,-0.35419531724959286
88,"Blasco Ibañez, 28 (F. Geografía e Historia)",40,"{""coordinates"": [-0.36114233248377353, 39.477512336096844], ""type"": ""Point""}",39.477512336096844,-0.36114233248377353
180,Doctor Waksman - Nieves,20,"{""coordinates"": [-0.3706833820688013, 39.45602126922772], ""type"": ""Point""}",39.45602126922772,-0.3706833820688013
17,Xátiva - Bailén (Estación del Norte),30,"{""coordinates"": [-0.3772593951806123, 39.46746831099193], ""type"": ""Point""}",39.46746831099193,-0.3772593951806123
220,Castán Tobeñas - Patriques,16,"{""coordinates"": [-0.3983214623957442, 39.47385534208041], ""type"": ""Point""}",39.47385534208041,-0.3983214623957442
44,General Urrutia - Av. de la Plata,19,"{""coordinates"": [-0.36301435452576164, 39.45642926768604], ""type"": ""Point""}",39.45642926768604,-0.36301435452576164
83,General Elio - Llano del Real,25,"{""coordinates"": [-0.3669703519914759, 39.47758533929587], ""type"": ""Point""}",39.47758533929587,-0.3669703519914759
194,Estación AVE Joaquín Sorolla,40,"{""coordinates"": [-0.38179930448705707, 39.4607722298068], ""type"": ""Point""}",39.4607722298068,-0.38179930448705707
202,Pechina - Teruel,20,"{""coordinates"": [-0.39333444304417053, 39.47622234753723], ""type"": ""Point""}",39.47622234753723,-0.39333444304417053
19,Juan Llorens - Quart,15,"{""coordinates"": [-0.391590438798602, 39.47436934054566], ""type"": ""Point""}",39.47436934054566,-0.391590438798602
46,Pintor Luis Arcas - Inst. Obrero Valenciano,20,"{""coordinates"": [-0.35878734087160885, 39.455509261762266], ""type"": ""Point""}",39.455509261762266,-0.35878734087160885
219,Castán Tobeñas - Rincon de Ademuz,18,"{""coordinates"": [-0.40303029799024204, 39.47265724610551], ""type"": ""Point""}",39.47265724610551,-0.40303029799024204
221,Manuel de Falla - Hernández Lázaro,20,"{""coordinates"": [-0.4028534760386356, 39.475270348637764], ""type"": ""Point""}",39.475270348637764,-0.4028534760386356
223,Valle de la Ballestera - Hospital Nueve de Octubre,20,"{""coordinates"": [-0.4011874677803583, 39.47855835893999], ""type"": ""Point""}",39.47855835893999,-0.4011874677803583
11,Plaza Ayuntamiento - Cotanda,27,"{""coordinates"": [-0.3767843903416451, 39.47118632283677], ""type"": ""Point""}",39.47118632283677,-0.3767843903416451
23,Fernando el Católico - Erudito Orellana,19,"{""coordinates"": [-0.3861784216967592, 39.471628328748515], ""type"": ""Point""}",39.471628328748515,-0.3861784216967592
235,Conde Torrefiel - Cecilio Plá,15,"{""coordinates"": [-0.3772033703255944, 39.49804541205544], ""type"": ""Point""}",39.49804541205544,-0.3772033703255944
70,"Colón, 44",17,"{""coordinates"": [-0.3716462894107889, 39.469213221319464], ""type"": ""Point""}",39.469213221319464,-0.3716462894107889
74,Plaza San Felipe Neri (Mercado Algirós),20,"{""coordinates"": [-0.3537343124957471, 39.469949307546806], ""type"": ""Point""}",39.469949307546806,-0.3537343124957471
76,Campoamor - Músico Ginés,19,"{""coordinates"": [-0.343461277578989, 39.47008330347364], ""type"": ""Point""}",39.47008330347364,-0.343461277578989
78,Aragón - Vicente Sancho Tello,20,"{""coordinates"": [-0.358688329939162, 39.46994531050937], ""type"": ""Point""}",39.46994531050937,-0.358688329939162
80,Amadeo de Saboya (frente Ayuntamiento),25,"{""coordinates"": [-0.36229833944736023, 39.47374232444908], ""type"": ""Point""}",39.47374232444908,-0.36229833944736023
82,Guillem de Castro (Torres de Quart),15,"{""coordinates"": [-0.3839144104057024, 39.47605634238628], ""type"": ""Point""}",39.47605634238628,-0.3839144104057024
90,"Blasco Ibañez, 32 (F. Filología)",40,"{""coordinates"": [-0.3589673254467337, 39.47673433298103], ""type"": ""Point""}",39.47673433298103,-0.3589673254467337
94,Blasco Ibañez - Clariano,20,"{""coordinates"": [-0.35158330144926053, 39.47537832465668], ""type"": ""Point""}",39.47537832465668,-0.35158330144926053
77,Molinell - Calderón de la Barca,20,"{""coordinates"": [-0.36566734195835493, 39.48497336307338], ""type"": ""Point""}",39.48497336307338,-0.36566734195835493
81,Micer Mascó - Rodriguez Fornos,20,"{""coordinates"": [-0.36097833354659675, 39.47512832851177], ""type"": ""Point""}",39.47512832851177,-0.36097833354659675
93,Blasco Ibañez - Poeta Durán Tortajada,38,"{""coordinates"": [-0.34380927742382206, 39.472282310670764], ""type"": ""Point""}",39.472282310670764,-0.34380927742382206
131,"CALLE SANTA AMALIA  2, esquina POETA BODRIA",20,"{""coordinates"": [-0.3729122732215235, 39.48141722170027], ""type"": ""Point""}",39.48141722170027,-0.3729122732215235
141,Gregorio Gea - Padre Ferris,20,"{""coordinates"": [-0.3851564091174212, 39.483268367245344], ""type"": ""Point""}",39.483268367245344,-0.3851564091174212
126,Alfahuir - José Chabas Bordehore,20,"{""coordinates"": [-0.36010431604895277, 39.49309838788837], ""type"": ""Point""}",39.49309838788837,-0.36010431604895277
132,Platero Suárez - Milagrosa,15,"{""coordinates"": [-0.3734343681182198, 39.48528636793778], ""type"": ""Point""}",39.48528636793778,-0.3734343681182198
140,Campanar - Nicasio Benlloch,20,"{""coordinates"": [-0.3896004206542252, 39.48800438494039], ""type"": ""Point""}",39.48800438494039,-0.3896004206542252
173,Pío XII - Monestir de Poblet,20,"{""coordinates"": [-0.394678441209281, 39.484541375368174], ""type"": ""Point""}",39.484541375368174,-0.394678441209281
75,República Argentina - Campoamor,25,"{""coordinates"": [-0.35170130420295115, 39.472113313853896], ""type"": ""Point""}",39.472113313853896,-0.35170130420295115
176,Cno. Moncada - Pedro Patricio Mey,20,"{""coordinates"": [-0.378853381402734, 39.49201739310727], ""type"": ""Point""}",39.49201739310727,-0.378853381402734
195,Giorgeta - Roig de Corella,16,"{""coordinates"": [-0.3842814248129742, 39.459384287208486], ""type"": ""Point""}",39.459384287208486,-0.3842814248129742
198,Fontanars dels Aforins - Vall d'Uixó,20,"{""coordinates"": [-0.395316462028443, 39.46088029740053], ""type"": ""Point""}",39.46088029740053,-0.395316462028443
250,Tres Cruces - Pio XI,15,"{""coordinates"": [-0.4008070181198941, 39.456352245577065], ""type"": ""Point""}",39.456352245577065,-0.4008070181198941
247,Tres Cruces - Músico Ayllón,15,"{""coordinates"": [-0.4055734914728698, 39.467410323935766], ""type"": ""Point""}",39.467410323935766,-0.4055734914728698
20,Quart - Fernando el Católico,16,"{""coordinates"": [-0.3878474253260651, 39.47503434099054], ""type"": ""Point""}",39.47503434099054,-0.3878474253260651
22,Angel Guimerá - Juan Llorens,15,"{""coordinates"": [-0.3883534313205414, 39.46978732404922], ""type"": ""Point""}",39.46978732404922,-0.3883534313205414
24,Fernando el Católico - Cuenca,20,"{""coordinates"": [-0.3840274173384119, 39.469077319212495], ""type"": ""Point""}",39.469077319212495,-0.3840274173384119
30,Cirilo Amorós - Jorge Juan (Mercado Colón),20,"{""coordinates"": [-0.36849936365579583, 39.468601309884924], ""type"": ""Point""}",39.468601309884924,-0.36849936365579583
38,Peris y Valero - Cabo Jubi,15,"{""coordinates"": [-0.37024937736936264, 39.45940204927687], ""type"": ""Point""}",39.45940204927687,-0.37024937736936264
40,"Barcas, 11",26,"{""coordinates"": [-0.3748243837183276, 39.470466319701956], ""type"": ""Point""}",39.470466319701956,-0.3748243837183276
35,Regne de Valencia - Almirante Cadarso,20,"{""coordinates"": [-0.36699436340059455, 39.46374929341137], ""type"": ""Point""}",39.46374929341137,-0.36699436340059455
55,Francia - Pintor Maella,25,"{""coordinates"": [-0.34868630411595647, 39.45934326975421], ""type"": ""Point""}",39.45934326975421,-0.34868630411595647
57,Alameda - Pintor Monleón,20,"{""coordinates"": [-0.3582563324315247, 39.46447629179199], ""type"": ""Point""}",39.46447629179199,-0.3582563324315247
41,General Urrutia - Granada,20,"{""coordinates"": [-0.36477635908979195, 39.458912276426375], ""type"": ""Point""}",39.458912276426375,-0.36477635908979195
47,Autopista del Saler - Puente Monteolivete,20,"{""coordinates"": [-0.35541832880362817, 39.45651226440267], ""type"": ""Point""}",39.45651226440267,-0.35541832880362817
49,Ricardo Muñoz Suay - María José Victoria Fuster (C.C. El Saler),25,"{""coordinates"": [-0.3571104198826364, 39.45298693239739], ""type"": ""Point""}",39.45298693239739,-0.3571104198826364
50,Autopista del Saler - Antonio Ferrandis (C.C. El Saler),40,"{""coordinates"": [-0.3528593228128155, 39.453318252515686], ""type"": ""Point""}",39.453318252515686,-0.3528593228128155
52,Luis García Berlanga Martí - Menorca,25,"{""coordinates"": [-0.3463402980947426, 39.45603425797373], ""type"": ""Point""}",39.45603425797373,-0.3463402980947426
54,Plaza de Europa,20,"{""coordinates"": [-0.3526903171951741, 39.459778273617445], ""type"": ""Point""}",39.459778273617445,-0.3526903171951741
61,Vicent Vidal - Pintor Maella,20,"{""coordinates"": [-0.34783029886743094, 39.46129327599964], ""type"": ""Point""}",39.46129327599964,-0.34783029886743094
103,Rubén Darío - Plaza Fray Luis Colomer,15,"{""coordinates"": [-0.3523713017453889, 39.47845333567255], ""type"": ""Point""}",39.47845333567255,-0.3523713017453889
106,Albalat dels Tarongers - Professor Ernest Lluch,25,"{""coordinates"": [-0.34138726522688073, 39.47674432466283], ""type"": ""Point""}",39.47674432466283,-0.34138726522688073
110,UPV Trinquet,30,"{""coordinates"": [-0.33668024623462534, 39.48074033571707], ""type"": ""Point""}",39.48074033571707,-0.33668024623462534
118,Gómez Ferrer - Álvaro de Bazán,20,"{""coordinates"": [-0.3604163266878076, 39.480466345728246], ""type"": ""Point""}",39.480466345728246,-0.3604163266878076
102,Ramón Llull - Serpis,20,"{""coordinates"": [-0.346720283882565, 39.47583332394092], ""type"": ""Point""}",39.47583332394092,-0.346720283882565
107,Campillo de Altobuey (Polideportivo),15,"{""coordinates"": [-0.3362242490922528, 39.47524531713643], ""type"": ""Point""}",39.47524531713643,-0.3362242490922528
157,Pérez Galdós - Marqués de Zenete,20,"{""coordinates"": [-0.38736643250783204, 39.46405230416093], ""type"": ""Point""}",39.46405230416093,-0.38736643250783204
161,Mediterráneo - Plaza Cruz de Cañamelar,15,"{""coordinates"": [-0.3317262387298495, 39.46796929073871], ""type"": ""Point""}",39.46796929073871,-0.3317262387298495
184,Bombero Ramón Duart - Hermanos Maristas,15,"{""coordinates"": [-0.36557036636455215, 39.45278225629358], ""type"": ""Point""}",39.45278225629358,-0.36557036636455215
200,Av. del Cid - Julián Peña,15,"{""coordinates"": [-0.3932144497376184, 39.467737319045916], ""type"": ""Point""}",39.467737319045916,-0.3932144497376184
189,Hospital Nueva Fe (administración),30,"{""coordinates"": [-0.37706532415787625, 39.44477922701873], ""type"": ""Point""}",39.44477922701873,-0.37706532415787625
208,Carteros - Mossen Febrer,20,"{""coordinates"": [-0.38857844617931064, 39.451692263769644], ""type"": ""Point""}",39.451692263769644,-0.38857844617931064
214,"Santa Cruz de Tenerife, 21",15,"{""coordinates"": [-0.4005764763988502, 39.464932313028335], ""type"": ""Point""}",39.464932313028335,-0.4005764763988502
211,Fray Junípero Serra - Vall d'Uixó,15,"{""coordinates"": [-0.3977574716661004, 39.45872629171394], ""type"": ""Point""}",39.45872629171394,-0.3977574716661004
258,Pintor Rafael Solves - Jose Soto Mico,15,"{""coordinates"": [-0.3891374575312111, 39.43982822413676], ""type"": ""Point""}",39.43982822413676,-0.3891374575312111
262,Tres Forques - Colonia Española de Mexico,20,"{""coordinates"": [-0.40922550688289966, 39.463472312903384], ""type"": ""Point""}",39.463472312903384,-0.40922550688289966
264,Av. del Cid - Marconi,20,"{""coordinates"": [-0.4144325204450301, 39.46916033373618], ""type"": ""Point""}",39.46916033373618,-0.4144325204450301
266,Canal de Navarrés - Maestro Rodrigo,18,"{""coordinates"": [-0.40637147642320165, 39.49028940014262], ""type"": ""Point""}",39.49028940014262,-0.40637147642320165
276,Veles e Vents,20,"{""coordinates"": [-0.32376521655842594, 39.46197526682713], ""type"": ""Point""}",39.46197526682713,-0.32376521655842594
271,Salvador Cerveró - Carlos Cortina,15,"{""coordinates"": [-0.38989141267304944, 39.49927942267903], ""type"": ""Point""}",39.49927942267903,-0.38989141267304944
199,Beato Nicolás Factor - Convento de Jesús,15,"{""coordinates"": [-0.39155844823975844, 39.46158829801141], ""type"": ""Point""}",39.46158829801141,-0.39155844823975844
3,Plaza del Musico López Chavarri,20,"{""coordinates"": [-0.3802883976424855, 39.4768353435743], ""type"": ""Point""}",39.4768353435743,-0.3802883976424855
143,Pio XII - Menéndez PIdal (Nuevo Centro),30,"{""coordinates"": [-0.39093643241708165, 39.4795373575288], ""type"": ""Point""}",39.4795373575288,-0.39093643241708165
232,San Vicente Paul - Santiago Rusiñol,15,"{""coordinates"": [-0.36575333473149996, 39.49464439592328], ""type"": ""Point""}",39.49464439592328,-0.36575333473149996
2,Salvador Giner - C. Museo,15,"{""coordinates"": [-0.3797483936090024, 39.479889353348874], ""type"": ""Point""}",39.479889353348874,-0.3797483936090024
66,Guillem de Anglesola - Av. Puerto,25,"{""coordinates"": [-0.3462612916525901, 39.46427128532339], ""type"": ""Point""}",39.46427128532339,-0.3462612916525901
188,Hospital Nueva Fe (consultas externas),40,"{""coordinates"": [-0.3751583239336074, 39.44462122517277], ""type"": ""Point""}",39.44462122517277,-0.3751583239336074
27,San Vicente Martir - Doctor Vilá Barberá,20,"{""coordinates"": [-0.3818514137102655, 39.463362299305594], ""type"": ""Point""}",39.463362299305594,-0.3818514137102655
218,Olimpia Arozena Torres - Juan Bautista Vives,15,"{""coordinates"": [-0.3973844614710405, 39.47074033078547], ""type"": ""Point""}",39.47074033078547,-0.3973844614710405
89,"Blasco Ibañez, 23 (F. Filosofía y Psicología)",30,"{""coordinates"": [-0.3593183259089267, 39.47780233689744], ""type"": ""Point""}",39.47780233689744,-0.3593183259089267
204,Corts Valencianes - General Avilés,20,"{""coordinates"": [-0.3965874461307865, 39.485843380594176], ""type"": ""Point""}",39.485843380594176,-0.3965874461307865
216,Av. del Cid - Burgos,17,"{""coordinates"": [-0.3994613007254756, 39.469162243634074], ""type"": ""Point""}",39.469162243634074,-0.3994613007254756
21,Juan Llorens - Literato Gabriel Miró,16,"{""coordinates"": [-0.39021443540491124, 39.4723713328859], ""type"": ""Point""}",39.4723713328859,-0.39021443540491124
231,Alcañiz - Cambrils,15,"{""coordinates"": [-0.3786213772644184, 39.49507240298451], ""type"": ""Point""}",39.49507240298451,-0.3786213772644184
48,Antonio Ferrandis - General Urrutia,20,"{""coordinates"": [-0.35855273823228967, 39.450807354184086], ""type"": ""Point""}",39.450807354184086,-0.35855273823228967
62,Menorca - Baleares,20,"{""coordinates"": [-0.3421522812931475, 39.45981126842254], ""type"": ""Point""}",39.45981126842254,-0.3421522812931475
5,Plaza Poeta Llorente,15,"{""coordinates"": [-0.3711403661399108, 39.476895339123786], ""type"": ""Point""}",39.476895339123786,-0.3711403661399108
7,Plaza del Mercado - Taula de Canvis,19,"{""coordinates"": [-0.3791853952972924, 39.47487233593648], ""type"": ""Point""}",39.47487233593648,-0.3791853952972924
13,Alfonso el Magnánimo - Nave,24,"{""coordinates"": [-0.37087436964085335, 39.4720623227334], ""type"": ""Point""}",39.4720623227334,-0.37087436964085335
15,Ribera - Plaza Ayuntamiento,34,"{""coordinates"": [-0.3756373880434071, 39.46908831533384], ""type"": ""Point""}",39.46908831533384,-0.3756373880434071
25,"Alberique, 18 (Abastos)",23,"{""coordinates"": [-0.38861043334080225, 39.46772931656263], ""type"": ""Point""}",39.46772931656263,-0.38861043334080225
237,Levante U.D. - Ecuador,15,"{""coordinates"": [-0.39103842063587124, 39.494758407776374], ""type"": ""Point""}",39.494758407776374,-0.39103842063587124
79,Aragón - Ernesto Ferrer,20,"{""coordinates"": [-0.357242322435451, 39.4727793187067], ""type"": ""Point""}",39.4727793187067,-0.357242322435451
116,Doctor Vicente Zaragozá - Ramón Asensio,15,"{""coordinates"": [-0.3575613154471814, 39.48325335356676], ""type"": ""Point""}",39.48325335356676,-0.3575613154471814
100,Blasco Ibañez - Mestre Ripoll,20,"{""coordinates"": [-0.33815025853445674, 39.471634305646866], ""type"": ""Point""}",39.471634305646866,-0.33815025853445674
123,Albocácer - Vinaroz,20,"{""coordinates"": [-0.36484133609518726, 39.487671371814656], ""type"": ""Point""}",39.487671371814656,-0.36484133609518726
125,"Masquefa, 42 - 44",15,"{""coordinates"": [-0.3586183142345537, 39.489693375775445], ""type"": ""Point""}",39.489693375775445,-0.3586183142345537
127,Alfahuir - Duque de Mandas,20,"{""coordinates"": [-0.3644463333304693, 39.49059138177909], ""type"": ""Point""}",39.49059138177909,-0.3644463333304693
129,Almazora - Benimuslem,20,"{""coordinates"": [-0.3699453557741905, 39.485975369089516], ""type"": ""Point""}",39.485975369089516,-0.3699453557741905
135,Constitución - Reus,20,"{""coordinates"": [-0.37850138478156414, 39.48570237196362], ""type"": ""Point""}",39.48570237196362,-0.37850138478156414
124,Azagador de Alboraya - Dolores Marqués,25,"{""coordinates"": [-0.3619553259600363, 39.48850137319014], ""type"": ""Point""}",39.48850137319014,-0.3619553259600363
142,Gregorio Gea - Profesor Beltrán Báguena,25,"{""coordinates"": [-0.38965942617943544, 39.48192036501599], ""type"": ""Point""}",39.48192036501599,-0.38965942617943544
128,Alfahuir - Peñiscola,25,"{""coordinates"": [-0.367544345093534, 39.48876637693274], ""type"": ""Point""}",39.48876637693274,-0.367544345093534
130,Convento Carmelitas - Alboraya,15,"{""coordinates"": [-0.370210358642677, 39.483238360081586], ""type"": ""Point""}",39.483238360081586,-0.370210358642677
138,San Pancracio - Periodista Llorente,20,"{""coordinates"": [-0.38422240207482833, 39.48819038284581], ""type"": ""Point""}",39.48819038284581,-0.38422240207482833
147,Pie de la Cruz - Rejas,15,"{""coordinates"": [-0.3802074001545322, 39.47320133107913], ""type"": ""Point""}",39.47320133107913,-0.3802074001545322
149,Peris y Valero - Salamanca,20,"{""coordinates"": [-0.36179534600499663, 39.462934287947085], ""type"": ""Point""}",39.462934287947085,-0.36179534600499663
151,Jerónimo Monsoriu - Alcalde Cano Coloma,20,"{""coordinates"": [-0.33711726031421224, 39.464669282422186], ""type"": ""Point""}",39.464669282422186,-0.33711726031421224
156,Puerto Rico - Cuba,15,"{""coordinates"": [-0.3763453968184098, 39.46096428829767], ""type"": ""Point""}",39.46096428829767,-0.3763453968184098
169,Pavía (Instituto Isabel de Villena),18,"{""coordinates"": [-0.32464520634897104, 39.47878532308192], ""type"": ""Point""}",39.47878532308192,-0.32464520634897104
170,Isabel de Villena - Mendizábal,20,"{""coordinates"": [-0.32533420529241996, 39.482973337910934], ""type"": ""Point""}",39.482973337910934,-0.32533420529241996
167,Pavía - Acequia de la Cadena,20,"{""coordinates"": [-0.3246102088459378, 39.474908310742784], ""type"": ""Point""}",39.474908310742784,-0.3246102088459378
181,"Zapadores, 23",15,"{""coordinates"": [-0.3681913713233589, 39.45799927509706], ""type"": ""Point""}",39.45799927509706,-0.3681913713233589
179,Av. de la Plata - Zapadores,23,"{""coordinates"": [-0.36642636792637634, 39.45547226612543], ""type"": ""Point""}",39.45547226612543,-0.36642636792637634
240,Camp del Turia - Corts Valencianes,20,"{""coordinates"": [-0.40154745608135123, 39.495004413973305], ""type"": ""Point""}",39.495004413973305,-0.40154745608135123
253,José Meliá Castelló - Campos Crespo,15,"{""coordinates"": [-0.4011014879360589, 39.45272627278094], ""type"": ""Point""}",39.45272627278094,-0.4011014879360589
254,Doctor Tomás Sala - Carteros,19,"{""coordinates"": [-0.3899174536874086, 39.447714251158565], ""type"": ""Point""}",39.447714251158565,-0.3899174536874086
239,Florista - T4 (Palau de Congressos),20,"{""coordinates"": [-0.39996444953107335, 39.4969854198013], ""type"": ""Point""}",39.4969854198013,-0.39996444953107335
241,La Vall d'Albaida - Corts Valencianes,15,"{""coordinates"": [-0.4018904586642118, 39.49297840711153], ""type"": ""Point""}",39.49297840711153,-0.4018904586642118
26,San José de Calasanz - Salas Quiroga,15,"{""coordinates"": [-0.38586429939117395, 39.46633523268935], ""type"": ""Point""}",39.46633523268935,-0.38586429939117395
32,Conde Altea - Almirante Cadarso,20,"{""coordinates"": [-0.3682473649948816, 39.46600630156446], ""type"": ""Point""}",39.46600630156446,-0.3682473649948816
37,Peris y Valero - Luis Santángel,20,"{""coordinates"": [-0.3664406250017559, 39.460937800028375], ""type"": ""Point""}",39.460937800028375,-0.3664406250017559
51,Moreras (Oceanográfico),20,"{""coordinates"": [-0.3472273049060467, 39.45218324552497], ""type"": ""Point""}",39.45218324552497,-0.3472273049060467
56,Francia - Menorca,15,"{""coordinates"": [-0.3444052893928658, 39.45842126509135], ""type"": ""Point""}",39.45842126509135,-0.3444052893928658
58,Plaza España,20,"{""coordinates"": [-0.3815864106638383, 39.46621830848607], ""type"": ""Point""}",39.46621830848607,-0.3815864106638383
59,Baleares - Río Escalona,15,"{""coordinates"": [-0.3545493213542055, 39.463088285667624], ""type"": ""Point""}",39.463088285667624,-0.3545493213542055
63,Av Puerto 19 (Telefónica),20,"{""coordinates"": [-0.358414330727018, 39.46777930285978], ""type"": ""Point""}",39.46777930285978,-0.358414330727018
67,Juan Verdeguer - Toneleros,14,"{""coordinates"": [-0.33679826304022287, 39.45886026320377], ""type"": ""Point""}",39.45886026320377,-0.33679826304022287
69,Av. Puerto - Serrería,25,"{""coordinates"": [-0.3387212679875118, 39.46195227384504], ""type"": ""Point""}",39.46195227384504,-0.3387212679875118
112,Manuel Broseta i Pont - Naranjos,40,"{""coordinates"": [-0.34227526701990957, 39.47858033137406], ""type"": ""Point""}",39.47858033137406,-0.34227526701990957
109,Naranjos - Ingeniero Fausto Elio,20,"{""coordinates"": [-0.3335102388084858, 39.4768193210939], ""type"": ""Point""}",39.4768193210939,-0.3335102388084858
159,Francisco Cubells - San José de la Vega,17,"{""coordinates"": [-0.3347222532485526, 39.463449276866356], ""type"": ""Point""}",39.463449276866356,-0.3347222532485526
163,Paseo Neptuno 32-34,20,"{""coordinates"": [-0.3234012136184579, 39.46443727525528], ""type"": ""Point""}",39.46443727525528,-0.3234012136184579
182,Ausias March - Pianista Amparo Iturbi,21,"{""coordinates"": [-0.37496539716978367, 39.455432269344854], ""type"": ""Point""}",39.455432269344854,-0.37496539716978367
190,Cra. Malilla - Bulevar Sur,18,"{""coordinates"": [-0.38029642271654757, 39.44608224133691], ""type"": ""Point""}",39.44608224133691,-0.38029642271654757
192,Cra. Malilla - Oltá,20,"{""coordinates"": [-0.3787144113919625, 39.45263726161547], ""type"": ""Point""}",39.45263726161547,-0.3787144113919625
160,José María de Haro - Justo y Pastor,20,"{""coordinates"": [-0.33898126470999496, 39.467336291769534], ""type"": ""Point""}",39.467336291769534,-0.33898126470999496
164,Pavía - Columbretes,17,"{""coordinates"": [-0.3246342149862025, 39.46846028903177], ""type"": ""Point""}",39.46846028903177,-0.3246342149862025
166,Don Vicente Guillot - Progreso,15,"{""coordinates"": [-0.32881122495787873, 39.47334930757559], ""type"": ""Point""}",39.47334930757559,-0.32881122495787873
185,Ebanista Caselles - Ausias March,15,"{""coordinates"": [-0.3705033850186671, 39.45004424948915], ""type"": ""Point""}",39.45004424948915,-0.3705033850186671
187,Ángel Villena - Ausias March,15,"{""coordinates"": [-0.3688183809361798, 39.447960241518516], ""type"": ""Point""}",39.447960241518516,-0.3688183809361798
191,Esparraguera - Cra. Malilla,15,"{""coordinates"": [-0.37886641388495107, 39.45032925434954], ""type"": ""Point""}",39.45032925434954,-0.37886641388495107
210,Campos Crespo - Juan de Garay,15,"{""coordinates"": [-0.39671647037206986, 39.45555328036534], ""type"": ""Point""}",39.45555328036534,-0.39671647037206986
224,Jorge Comin (Metge) - Terrateig,20,"{""coordinates"": [-0.40358847435527895, 39.480568366964896], ""type"": ""Point""}",39.480568366964896,-0.40358847435527895
226,Corts Valencianes - La Safor,30,"{""coordinates"": [-0.3988594505654264, 39.49086439918327], ""type"": ""Point""}",39.49086439918327,-0.3988594505654264
228,Doctor Nicasio Benlloch - L'Horta Sud,15,"{""coordinates"": [-0.398671446907537, 39.4936924079167], ""type"": ""Point""}",39.4936924079167,-0.398671446907537
225,Padre Barranco - Carlos Ruano Llopis (Pintor),20,"{""coordinates"": [-0.40114246019172434, 39.488107390420495], ""type"": ""Point""}",39.488107390420495,-0.40114246019172434
227,San Clemente - Hospital Arnau de Vilanova,20,"{""coordinates"": [-0.40293146422681364, 39.49024839844318], ""type"": ""Point""}",39.49024839844318,-0.40293146422681364
229,Aitana - Florista,16,"{""coordinates"": [-0.39480643424749534, 39.493104403991694], ""type"": ""Point""}",39.493104403991694,-0.39480643424749534
260,Traginers - Pedrapiquers,20,"{""coordinates"": [-0.4072175039832668, 39.45955629873093], ""type"": ""Point""}",39.45955629873093,-0.4072175039832668
268,"Plaza Luis Cano, 5",10,"{""coordinates"": [-0.41849350927046264, 39.50144544298018], ""type"": ""Point""}",39.50144544298018,-0.41849350927046264
272,Vicente la Roda - Ingeniero Fausto Elio,15,"{""coordinates"": [-0.33219023115385166, 39.48062333339468], ""type"": ""Point""}",39.48062333339468,-0.33219023115385166
274,San Francisco de Paula - Castell de Pop,15,"{""coordinates"": [-0.3331882593063431, 39.44807022576504], ""type"": ""Point""}",39.44807022576504,-0.3331882593063431
257,"Plaza Salvador Soria, 8",20,"{""coordinates"": [-0.38910445245389036, 39.44525124234686], ""type"": ""Point""}",39.44525124234686,-0.38910445245389036
259,Pio IX - Músico Cabanilles,20,"{""coordinates"": [-0.3930154660803912, 39.44546024514969], ""type"": ""Point""}",39.44546024514969,-0.3930154660803912
265,Alcasser - Poeta Alberto Lista,15,"{""coordinates"": [-0.40811749816977394, 39.470973337167365], ""type"": ""Point""}",39.470973337167365,-0.40811749816977394
273,Moraira - Alta del Mar,15,"{""coordinates"": [-0.3332722584595297, 39.450305232524904], ""type"": ""Point""}",39.450305232524904,-0.3332722584595297
145,Plaza Badajoz,15,"{""coordinates"": [-0.398395456094638, 39.48154736759815], ""type"": ""Point""}",39.48154736759815,-0.398395456094638
154,Pescadores - Progreso,15,"{""coordinates"": [-0.3295542305651281, 39.469876296228996], ""type"": ""Point""}",39.469876296228996,-0.3295542305651281
12,Calle Salvá - Calle Poeta Querol,20,"{""coordinates"": [-0.3740102862977963, 39.47196722343732], ""type"": ""Point""}",39.47196722343732,-0.3740102862977963
14,Huesca - Barón de Cárcer,20,"{""coordinates"": [-0.37972440222295445, 39.46896731649349], ""type"": ""Point""}",39.46896731649349,-0.37972440222295445
96,Blasco Ibañez - Yecla,21,"{""coordinates"": [-0.3482142912637639, 39.47355431688417], ""type"": ""Point""}",39.47355431688417,-0.3482142912637639
98,Justo y Pastor - Duque de Gaeta,15,"{""coordinates"": [-0.348442294427372, 39.469680303996114], ""type"": ""Point""}",39.469680303996114,-0.348442294427372
222,Maestro Rodrigo - Manuel de Falla,20,"{""coordinates"": [-0.39728245609920837, 39.47689335174765], ""type"": ""Point""}",39.47689335174765,-0.39728245609920837
10,Hospital - Horno del Hospital,15,"{""coordinates"": [-0.38261041097634013, 39.470816323984536], ""type"": ""Point""}",39.470816323984536,-0.38261041097634013
152,Reina Doña María - Cádiz,15,"{""coordinates"": [-0.3727053849231208, 39.460925286769694], ""type"": ""Point""}",39.460925286769694,-0.3727053849231208
230,Poeta Serrano Clavero - General Llorens,15,"{""coordinates"": [-0.38678440634001116, 39.49475040560395], ""type"": ""Point""}",39.49475040560395,-0.38678440634001116
87,Blasco Ibañez - Doctor Gómez Ferrer (Clínico),33,"{""coordinates"": [-0.36188033357859983, 39.47851834019109], ""type"": ""Point""}",39.47851834019109,-0.36188033357859983
234,Plaza Músico Espí,15,"{""coordinates"": [-0.3736443597891149, 39.49649940567526], ""type"": ""Point""}",39.49649940567526,-0.3736443597891149
236,Rio Segre - Rafael Company,15,"{""coordinates"": [-0.38227839001583847, 39.49506640496422], ""type"": ""Point""}",39.49506640496422,-0.38227839001583847
4,Plaza de la Virgen - Bailía,25,"{""coordinates"": [-0.37534238089458904, 39.476747340831494], ""type"": ""Point""}",39.476747340831494,-0.37534238089458904
6,Guillem de Castro - San Pedro Pascual,15,"{""coordinates"": [-0.38408341393871137, 39.472798331478145], ""type"": ""Point""}",39.472798331478145,-0.38408341393871137
71,Av. Puerto - Plaza Tribunal de les Aigües,20,"{""coordinates"": [-0.33353125122308164, 39.46038026686525], ""type"": ""Point""}",39.46038026686525,-0.33353125122308164
178,Reig Genovés - Ramón Contreras Mongrell,20,"{""coordinates"": [-0.3705063522665271, 39.49221639017785], ""type"": ""Point""}",39.49221639017785,-0.3705063522665271
42,Av. de la Plata (Museo Fallero),20,"{""coordinates"": [-0.3586583378805894, 39.45878127329601], ""type"": ""Point""}",39.45878127329601,-0.3586583378805894
206,Periodista Gil Sumbiela - Poeta Serrano Clavero,15,"{""coordinates"": [-0.38900741524280136, 39.49271239990425], ""type"": ""Point""}",39.49271239990425,-0.38900741524280136
18,Colón 20-22,24,"{""coordinates"": [-0.37312937987373457, 39.468191311513856], ""type"": ""Point""}",39.468191311513856,-0.37312937987373457
203,Reina Violante - Escultor García Mas,15,"{""coordinates"": [-0.40118246297404103, 39.48460937883364], ""type"": ""Point""}",39.48460937883364,-0.40118246297404103
205,Nicasio Benlloch - Amics dels Corpus,24,"{""coordinates"": [-0.3930904323547156, 39.48928739053543], ""type"": ""Point""}",39.48928739053543,-0.3930904323547156
207,"Giorgeta, 64",15,"{""coordinates"": [-0.381905420300487, 39.45539327294658], ""type"": ""Point""}",39.45539327294658,-0.381905420300487
209,Gaspar Aguilar - Músico Penella,18,"{""coordinates"": [-0.39301546105732643, 39.45208226727133], ""type"": ""Point""}",39.45208226727133,-0.39301546105732643
9,Plaza de Tetuán,25,"{""coordinates"": [-0.3699303648826442, 39.47435533016869], ""type"": ""Point""}",39.47435533016869,-0.3699303648826442
233,San Juan Bosco - Santiago Rusiñol,15,"{""coordinates"": [-0.36943734517384297, 39.497160406039164], ""type"": ""Point""}",39.497160406039164,-0.36943734517384297
68,Av. Puerto - José Aguilar,20,"{""coordinates"": [-0.3417332778594022, 39.46280327868023], ""type"": ""Point""}",39.46280327868023,-0.3417332778594022
72,Ramiro de Maeztu - Peris Brell,15,"{""coordinates"": [-0.34644628196214244, 39.467257201162404], ""type"": ""Point""}",39.467257201162404,-0.34644628196214244
84,"Serrería, 67",15,"{""coordinates"": [-0.33522597686590844, 39.467123092394516], ""type"": ""Point""}",39.467123092394516,-0.33522597686590844
92,Blasco Ibañez - Aragón,20,"{""coordinates"": [-0.35596831583559707, 39.47586032883543], ""type"": ""Point""}",39.47586032883543,-0.35596831583559707
85,Blasco Ibañez - Jaime Roig,23,"{""coordinates"": [-0.3647153422684407, 39.479464345022826], ""type"": ""Point""}",39.479464345022826,-0.3647153422684407
95,Naranjos (Magisterio),33,"{""coordinates"": [-0.34611927939668474, 39.47983533734356], ""type"": ""Point""}",39.47983533734356,-0.34611927939668474
97,Blasco Ibañez 121,23,"{""coordinates"": [-0.3431322739648798, 39.47306831276613], ""type"": ""Point""}",39.47306831276613,-0.3431322739648798
99,Blasco Ibañez 166 - Pintor José Mongrell,21,"{""coordinates"": [-0.3404842660990001, 39.47134430635022], ""type"": ""Point""}",39.47134430635022,-0.3404842660990001
114,UPV Informática,30,"{""coordinates"": [-0.346591279156021, 39.4818043438759], ""type"": ""Point""}",39.4818043438759,-0.346591279156021
120,Doctor Vicente Zaragozá - Emilio Baró,18,"{""coordinates"": [-0.36204632906281087, 39.484880361257815], ""type"": ""Point""}",39.484880361257815,-0.36204632906281087
117,Gascó Oliag - Primado Reig,30,"{""coordinates"": [-0.357065317141581, 39.47925133992885], ""type"": ""Point""}",39.47925133992885,-0.357065317141581
121,Murta - Sant Eperit,15,"{""coordinates"": [-0.35877131748144303, 39.48618236435413], ""type"": ""Point""}",39.48618236435413,-0.35877131748144303
133,Alfambra - Poeta Monmeneu,15,"{""coordinates"": [-0.37588237827023757, 39.48275636079257], ""type"": ""Point""}",39.48275636079257,-0.37588237827023757
122,Músico Hipólito Martínez - Diógenes López Mecho,15,"{""coordinates"": [-0.3540663028794564, 39.48448535604776], ""type"": ""Point""}",39.48448535604776,-0.3540663028794564
134,Maximiliano Thous - Luz Casanova,20,"{""coordinates"": [-0.37333936513208965, 39.48765637635625], ""type"": ""Point""}",39.48765637635625,-0.37333936513208965
136,Economista Gay - Constitución,20,"{""coordinates"": [-0.37561037166808026, 39.48994138447594], ""type"": ""Point""}",39.48994138447594,-0.37561037166808026
139,Reus - Alquería de la Estrella,15,"{""coordinates"": [-0.38287339995719183, 39.485706374097916], ""type"": ""Point""}",39.485706374097916,-0.38287339995719183
144,Marqués de San Juan - Diputat Lluís Lucía,15,"{""coordinates"": [-0.39548044804080085, 39.4787793569025], ""type"": ""Point""}",39.4787793569025,-0.39548044804080085
174,Monduber - Peset Aleixandre,19,"{""coordinates"": [-0.38664740957644866, 39.489438388167024], ""type"": ""Point""}",39.489438388167024,-0.38664740957644866
175,Juan XXIII - Domingo Gómez,15,"{""coordinates"": [-0.38271239433339566, 39.49258939642365], ""type"": ""Point""}",39.49258939642365,-0.38271239433339566
153,Llano de la Zaidía - Doctor Olóriz,24,"{""coordinates"": [-0.3805912745331588, 39.48305822805289], ""type"": ""Point""}",39.48305822805289,-0.3805912745331588
171,Gran Canaria - Ingeniero Manuel Maese,15,"{""coordinates"": [-0.32900821806202085, 39.483060339803416], ""type"": ""Point""}",39.483060339803416,-0.32900821806202085
172,Pío XII - Campanar,20,"{""coordinates"": [-0.3933454386575609, 39.48146236504626], ""type"": ""Point""}",39.48146236504626,-0.3933454386575609
91,Grabador Jordan - Escultor Pastor,15,"{""coordinates"": [-0.36757337969703135, 39.44412522887422], ""type"": ""Point""}",39.44412522887422,-0.36757337969703135
165,Pavía - Espadán,20,"{""coordinates"": [-0.3245702116150898, 39.471409299035706], ""type"": ""Point""}",39.471409299035706,-0.3245702116150898
104,Albalat dels Tarongers - Paseo Facultades,20,"{""coordinates"": [-0.3472752845405608, 39.478386332978474], ""type"": ""Point""}",39.478386332978474,-0.3472752845405608
177,Alcudia de Crespins - Pedro Patricio Mey,15,"{""coordinates"": [-0.3734883620528129, 39.493545396079504], ""type"": ""Point""}",39.493545396079504,-0.3734883620528129
193,Uruguay - Carteros,20,"{""coordinates"": [-0.386718436578698, 39.45514627443484], ""type"": ""Point""}",39.45514627443484,-0.386718436578698
238,San Jose Artesano - Francisco Morote Greus,15,"{""coordinates"": [-0.39438342966293366, 39.497449418355934], ""type"": ""Point""}",39.497449418355934,-0.39438342966293366
242,La Safor - Maestro Rodrigo,15,"{""coordinates"": [-0.4041974712326189, 39.487907391410516], ""type"": ""Point""}",39.487907391410516,-0.4041974712326189
244,Valle de la Ballestera - Pio Baroja,20,"{""coordinates"": [-0.40613648554970433, 39.47850636088407], ""type"": ""Point""}",39.47850636088407,-0.40613648554970433
246,Tres Cruces - Hospital General,20,"{""coordinates"": [-0.4065094941412157, 39.469090330003425], ""type"": ""Point""}",39.469090330003425,-0.4065094941412157
248,Tres Cruces - Jose Maria Mortes Lerma,20,"{""coordinates"": [-0.40496949382893443, 39.46284030885798], ""type"": ""Point""}",39.46284030885798,-0.40496949382893443
252,Dels Gremis - Campos Crespo,20,"{""coordinates"": [-0.40357449843597065, 39.45028826570709], ""type"": ""Point""}",39.45028826570709,-0.40357449843597065
255,Tomas de Villarroya - San Vicente,18,"{""coordinates"": [-0.38602944085901075, 39.447703249066144], ""type"": ""Point""}",39.447703249066144,-0.38602944085901075
243,Albacete - Maluquer,18,"{""coordinates"": [-0.3845424236611566, 39.46282029901061], ""type"": ""Point""}",39.46282029901061,-0.3845424236611566
245,Nueve de Octubre - Cieza,20,"{""coordinates"": [-0.40527029936434095, 39.47213024806011], ""type"": ""Point""}",39.47213024806011,-0.40527029936434095
249,Tres Cruces - Segunda República Española,15,"{""coordinates"": [-0.4027404883331656, 39.459506295875165], ""type"": ""Point""}",39.459506295875165,-0.4027404883331656
251,Arquitecto Segura del Lago - Camino Nuevo de Picaña,15,"{""coordinates"": [-0.4044134972721287, 39.45583028505104], ""type"": ""Point""}",39.45583028505104,-0.4044134972721287
28,Navarro Reverter - Grabador Esteve,29,"{""coordinates"": [-0.36775135880068294, 39.47158231958138], ""type"": ""Point""}",39.47158231958138,-0.36775135880068294
34,Regne de Valencia - Doctor Sumsi,17,"{""coordinates"": [-0.36996137299092113, 39.46412229654908], ""type"": ""Point""}",39.46412229654908,-0.36996137299092113
36,Plaza de los Fueros - Conde Trenor,25,"{""coordinates"": [-0.3754363798581042, 39.479072348860946], ""type"": ""Point""}",39.479072348860946,-0.3754363798581042
33,Germanías - Ruzafa,20,"{""coordinates"": [-0.37399038562310283, 39.46481830023885], ""type"": ""Point""}",39.46481830023885,-0.37399038562310283
39,Peris y Valero - Cuba,19,"{""coordinates"": [-0.3739313916673185, 39.457854277261184], ""type"": ""Point""}",39.457854277261184,-0.3739313916673185
43,Escultor José Capuz - Oriente,20,"{""coordinates"": [-0.36115334583643566, 39.459477276259406], ""type"": ""Point""}",39.459477276259406,-0.36115334583643566
45,Hermanos Maristas - General Urrutia,15,"{""coordinates"": [-0.36185535292343096, 39.45381925759081], ""type"": ""Point""}",39.45381925759081,-0.36185535292343096
53,Alameda - Pintor Maella,25,"{""coordinates"": [-0.34813930400480075, 39.45676426141678], ""type"": ""Point""}",39.45676426141678,-0.34813930400480075
60,Baleares - Lebón,19,"{""coordinates"": [-0.3517763125261459, 39.46223128102797], ""type"": ""Point""}",39.46223128102797,-0.3517763125261459
65,Av. Puerto - Doctor Manuel Candela,19,"{""coordinates"": [-0.3508373061951808, 39.465516292011046], ""type"": ""Point""}",39.465516292011046,-0.3508373061951808
101,Marino Blas de Lezo (estación Cabañal Adif),30,"{""coordinates"": [-0.3348422811122132, 39.47022899172744], ""type"": ""Point""}",39.47022899172744,-0.3348422811122132
108,Luís Peixó 20,15,"{""coordinates"": [-0.3339152679031098, 39.47382619077011], ""type"": ""Point""}",39.47382619077011,-0.3339152679031098
111,UPV Galileo,30,"{""coordinates"": [-0.3395082613341325, 39.48066419504159], ""type"": ""Point""}",39.48066419504159,-0.3395082613341325
113,UPV Caminos,38,"{""coordinates"": [-0.3436112694462359, 39.48127634089521], ""type"": ""Point""}",39.48127634089521,-0.3436112694462359
115,Cataluña - Doctor Vicente Zaragozá,16,"{""coordinates"": [-0.3521482985209469, 39.481562345598135], ""type"": ""Point""}",39.481562345598135,-0.3521482985209469
119,Jaime Roig - Bachiller,20,"{""coordinates"": [-0.36322633473676447, 39.48252035422283], ""type"": ""Point""}",39.48252035422283,-0.36322633473676447
155,Salamanca - Reina Doña Germana,20,"{""coordinates"": [-0.3630783484267159, 39.46495329574819], ""type"": ""Point""}",39.46495329574819,-0.3630783484267159
186,Benifairó de Valldigna - Joaquín Benlloch,14,"{""coordinates"": [-0.3740153970137416, 39.45039125246078], ""type"": ""Point""}",39.45039125246078,-0.3740153970137416
196,Jerónimo Muñoz - Gaspar Aguilar,15,"{""coordinates"": [-0.3880664379854734, 39.45957528956863], ""type"": ""Point""}",39.45957528956863,-0.3880664379854734
158,Doctor Lluch - Virgen del Sufragio,15,"{""coordinates"": [-0.3277192268301427, 39.46669828513057], ""type"": ""Point""}",39.46669828513057,-0.3277192268301427
162,Armada Española - Mariano Cuber,19,"{""coordinates"": [-0.3297952360224295, 39.46360427573933], ""type"": ""Point""}",39.46360427573933,-0.3297952360224295
183,Ausias March - Av. de la Plata,18,"{""coordinates"": [-0.3722843899417025, 39.45262025913349], ""type"": ""Point""}",39.45262025913349,-0.3722843899417025
197,Fontanars dels Aforins - Jacinto Labaila,15,"{""coordinates"": [-0.39233345436447337, 39.458184286737165], ""type"": ""Point""}",39.458184286737165,-0.39233345436447337
201,Perez Galdós - Nou Moles,20,"{""coordinates"": [-0.39366844724894096, 39.47171233289752], ""type"": ""Point""}",39.47171233289752,-0.39366844724894096
212,Fray Juanípero Serra - Torrente,15,"{""coordinates"": [-0.40039647823746194, 39.46148430130945], ""type"": ""Point""}",39.46148430130945,-0.40039647823746194
213,Archiduque Carlos - José María Mortes Lerma,15,"{""coordinates"": [-0.39697246591763863, 39.463165305912604], ""type"": ""Point""}",39.463165305912604,-0.39697246591763863
215,Músico Ayllón - Francisco Dolz,15,"{""coordinates"": [-0.39674846254882856, 39.46567131414367], ""type"": ""Point""}",39.46567131414367,-0.39674846254882856
217,Pintor Stolz - Nueve de Octubre,25,"{""coordinates"": [-0.40459648652865626, 39.47032833321364], ""type"": ""Point""}",39.47032833321364,-0.40459648652865626
256,Tres Forques - Turís,15,"{""coordinates"": [-0.39223544845537966, 39.46396330656933], ""type"": ""Point""}",39.46396330656933,-0.39223544845537966
270,Ninot - Regino Mas,16,"{""coordinates"": [-0.39288942312141745, 39.50007542649037], ""type"": ""Point""}",39.50007542649037,-0.39288942312141745
261,Plaza Xuquer - Vinalopó,19,"{""coordinates"": [-0.35037729588168837, 39.47667632834523], ""type"": ""Point""}",39.47667632834523,-0.35037729588168837
263,Padre Esteban Pernet - Casa Misericordia,18,"{""coordinates"": [-0.4096445056541294, 39.467043324648515], ""type"": ""Point""}",39.467043324648515,-0.4096445056541294
267,Beniferri - Vicent Tomás Martí,16,"{""coordinates"": [-0.4059294716064297, 39.49416841275147], ""type"": ""Point""}",39.49416841275147,-0.4059294716064297
269,"Campamento, 81",15,"{""coordinates"": [-0.42626353678444817, 39.49990744160243], ""type"": ""Point""}",39.49990744160243,-0.42626353678444817
275,Moreras - Rona de Nazaret,20,"{""coordinates"": [-0.3350652633218127, 39.45230524022502], ""type"": ""Point""}",39.45230524022502,-0.3350652633218127
